frame,class,confidence,center_x,center_y,left,top,width,height,frame_width,frame_height
0,  car,0.625,563.500,391.500,552,385,23,13,1280,720
1,  car,0.685,563.000,393.000,550,386,26,14,1280,720
2,  car,0.672,563.500,392.000,551,385,25,14,1280,720
3,  car,0.645,563.000,393.500,550,386,26,15,1280,720
4,  car,0.631,562.500,394.000,550,386,25,16,1280,720
5,  car,0.641,562.500,393.500,550,386,25,15,1280,720
6,  car,0.661,562.500,391.500,550,384,25,15,1280,720
7,  car,0.580,561.500,391.000,549,384,25,14,1280,720
8,  car,0.536,562.000,391.500,549,384,26,15,1280,720
9,  car,0.572,560.500,392.500,548,385,25,15,1280,720
10,  car,0.669,559.000,391.500,546,384,26,15,1280,720
11,  car,0.631,559.500,392.000,546,384,27,16,1280,720
12,  car,0.570,557.500,391.500,544,384,27,15,1280,720
13,  car,0.610,557.500,392.500,544,385,27,15,1280,720
14,  car,0.691,557.000,394.000,543,386,28,16,1280,720
15,  car,0.722,556.500,394.000,543,386,27,16,1280,720
16,  car,0.672,555.000,396.500,542,388,26,17,1280,720
17,  car,0.608,554.500,396.500,541,388,27,17,1280,720
18,  car,0.731,556.000,395.500,542,387,28,17,1280,720
19,  car,0.701,554.500,395.500,540,387,29,17,1280,720
20,  car,0.740,555.000,394.000,541,385,28,18,1280,720
21,  car,0.725,554.000,395.000,540,386,28,18,1280,720
22,  car,0.754,553.000,396.500,538,387,30,19,1280,720
23,  car,0.769,552.500,396.000,537,387,31,18,1280,720
24,  car,0.778,552.500,395.500,537,386,31,19,1280,720
25,  car,0.778,552.500,395.500,537,386,31,19,1280,720
26,  car,0.749,552.500,394.500,537,385,31,19,1280,720
27,  car,0.723,551.500,395.500,536,386,31,19,1280,720
28,  car,0.751,550.500,395.500,535,386,31,19,1280,720
29,  car,0.795,550.000,396.500,534,387,32,19,1280,720
30,  car,0.776,550.000,397.000,534,387,32,20,1280,720
31,  car,0.785,550.000,397.000,534,387,32,20,1280,720
32,  car,0.765,550.000,397.000,534,387,32,20,1280,720
33,  car,0.756,549.500,398.500,533,388,33,21,1280,720
34,  car,0.790,549.000,398.500,532,388,34,21,1280,720
35,  car,0.775,549.000,398.500,532,388,34,21,1280,720
36,  car,0.792,549.000,398.500,532,388,34,21,1280,720
37,  car,0.778,548.500,399.500,532,389,33,21,1280,720
38,  car,0.773,548.000,399.000,531,388,34,22,1280,720
39,  car,0.770,547.000,399.000,530,388,34,22,1280,720
40,  car,0.772,546.500,399.000,529,388,35,22,1280,720
40,  car,0.592,150.500,391.000,128,381,45,20,1280,720
41,  car,0.785,546.500,398.500,529,388,35,21,1280,720
41,  car,0.636,149.000,391.000,127,380,44,22,1280,720
42,  car,0.785,545.500,399.000,528,388,35,22,1280,720
42,  car,0.627,148.000,391.500,126,381,44,21,1280,720
43,  car,0.785,544.000,399.000,526,388,36,22,1280,720
43,  car,0.521,148.000,392.000,126,381,44,22,1280,720
44,  car,0.778,543.500,399.000,525,387,37,24,1280,720
44,  car,0.595,147.000,391.500,125,381,44,21,1280,720
45,  car,0.784,543.500,399.500,525,388,37,23,1280,720
45,  car,0.535,147.000,392.000,125,382,44,20,1280,720
46,  car,0.723,543.500,398.000,525,386,37,24,1280,720
46,  car,0.571,147.000,390.500,124,380,46,21,1280,720
47,  car,0.764,542.500,398.000,524,386,37,24,1280,720
47,  car,0.510,146.500,391.000,125,380,43,22,1280,720
48,  car,0.756,541.500,397.000,523,385,37,24,1280,720
48,  car,0.552,146.000,391.500,125,382,42,19,1280,720
49,  car,0.723,541.500,397.000,523,385,37,24,1280,720
50,  car,0.708,540.000,396.500,521,384,38,25,1280,720
51,  car,0.782,539.500,396.500,519,384,41,25,1280,720
52,  car,0.779,539.500,397.000,519,384,41,26,1280,720
53,  car,0.804,538.500,397.000,517,384,43,26,1280,720
54,  car,0.774,539.500,398.000,518,385,43,26,1280,720
55,  car,0.776,538.500,398.000,517,385,43,26,1280,720
56,  car,0.789,538.000,399.000,517,386,42,26,1280,720
57,  car,0.786,537.500,399.000,516,386,43,26,1280,720
58,  car,0.803,538.000,400.000,516,387,44,26,1280,720
59,  car,0.802,536.000,398.500,514,385,44,27,1280,720
60,  car,0.816,536.000,399.500,514,386,44,27,1280,720
61,  car,0.785,535.000,398.500,513,385,44,27,1280,720
62,  car,0.797,534.500,398.000,512,384,45,28,1280,720
63,  car,0.804,534.000,397.500,511,384,46,27,1280,720
64,  car,0.809,533.500,399.000,510,385,47,28,1280,720
65,  car,0.796,532.500,400.000,509,386,47,28,1280,720
66,  car,0.777,532.000,400.500,508,386,48,29,1280,720
67,  car,0.806,531.000,402.000,507,387,48,30,1280,720
68,  car,0.812,530.500,404.000,506,389,49,30,1280,720
69,  car,0.804,529.500,404.000,505,389,49,30,1280,720
70,  car,0.783,528.000,405.000,503,390,50,30,1280,720
71,  car,0.778,527.500,405.000,502,390,51,30,1280,720
72,  car,0.780,527.500,403.500,502,388,51,31,1280,720
73,  car,0.799,526.000,404.500,500,389,52,31,1280,720
74,  car,0.780,524.000,404.000,498,388,52,32,1280,720
75,  car,0.780,524.000,404.000,498,388,52,32,1280,720
76,  car,0.790,523.000,403.500,496,387,54,33,1280,720
77,  car,0.755,521.500,403.000,494,386,55,34,1280,720
78,  car,0.767,520.000,403.500,492,386,56,35,1280,720
79,  car,0.790,519.000,403.500,490,386,58,35,1280,720
80,  car,0.722,518.000,403.000,489,385,58,36,1280,720
81,  car,0.725,516.000,404.000,487,386,58,36,1280,720
82,  car,0.737,514.500,404.000,485,386,59,36,1280,720
83,  car,0.696,513.000,405.500,483,387,60,37,1280,720
84,  car,0.710,511.500,406.000,481,388,61,36,1280,720
85,  car,0.671,510.000,407.000,479,388,62,38,1280,720
86,  car,0.641,507.500,407.000,476,388,63,38,1280,720
87,  car,0.707,505.500,408.500,474,389,63,39,1280,720
88,  car,0.761,503.000,410.000,471,391,64,38,1280,720
89,  car,0.750,500.500,410.500,468,391,65,39,1280,720
89,  truck,0.526,288.500,382.000,253,365,71,34,1280,720
90,  car,0.770,498.500,412.000,466,393,65,38,1280,720
90,  truck,0.522,290.500,383.000,255,366,71,34,1280,720
91,  car,0.802,496.500,412.000,463,392,67,40,1280,720
92,  car,0.810,493.500,411.000,460,390,67,42,1280,720
92,  truck,0.537,290.500,382.000,255,365,71,34,1280,720
93,  car,0.718,491.500,409.500,457,388,69,43,1280,720
93,  truck,0.582,291.000,382.500,255,365,72,35,1280,720
94,  car,0.770,489.000,410.000,454,388,70,44,1280,720
94,  truck,0.520,291.500,381.500,255,364,73,35,1280,720
95,  car,0.759,487.000,410.000,451,388,72,44,1280,720
95,  truck,0.599,291.000,381.500,255,364,72,35,1280,720
96,  car,0.752,484.000,411.500,448,389,72,45,1280,720
96,  truck,0.533,292.000,381.500,255,364,74,35,1280,720
97,  car,0.789,482.500,412.000,445,389,75,46,1280,720
97,  truck,0.587,293.000,381.000,256,363,74,36,1280,720
98,  car,0.777,479.500,411.500,442,388,75,47,1280,720
99,  car,0.801,476.500,413.000,437,389,79,48,1280,720
99,  truck,0.585,293.500,381.000,256,363,75,36,1280,720
100,  car,0.825,474.000,413.500,435,389,78,49,1280,720
101,  car,0.820,470.500,414.000,431,389,79,50,1280,720
101,  truck,0.623,294.500,382.000,257,364,75,36,1280,720
102,  car,0.809,468.000,415.000,427,390,82,50,1280,720
102,  truck,0.584,294.500,382.000,257,364,75,36,1280,720
103,  car,0.827,465.000,418.500,423,396,84,45,1280,720
103,  truck,0.556,294.500,382.500,257,364,75,37,1280,720
104,  car,0.817,462.000,418.000,419,394,86,48,1280,720
104,  truck,0.677,295.000,382.500,257,364,76,37,1280,720
105,  car,0.820,458.500,418.500,415,393,87,51,1280,720
105,  truck,0.620,295.000,381.500,257,363,76,37,1280,720
106,  car,0.851,453.500,418.000,409,391,89,54,1280,720
107,  car,0.850,451.000,418.500,406,391,90,55,1280,720
107,  truck,0.537,296.500,381.500,258,363,77,37,1280,720
108,  car,0.843,447.500,418.500,401,390,93,57,1280,720
109,  car,0.804,444.500,418.500,397,389,95,59,1280,720
110,  car,0.695,439.500,419.000,391,389,97,60,1280,720
110,  truck,0.584,298.000,381.000,259,362,78,38,1280,720
111,  car,0.795,437.000,420.500,388,390,98,61,1280,720
112,  car,0.855,432.500,421.500,382,390,101,63,1280,720
113,  car,0.854,427.500,422.500,376,390,103,65,1280,720
114,  car,0.883,422.500,423.000,369,389,107,68,1280,720
115,  car,0.886,417.500,423.500,363,389,109,69,1280,720
116,  car,0.896,412.500,425.000,357,389,111,72,1280,720
117,  car,0.894,408.000,426.500,351,390,114,73,1280,720
118,  car,0.863,403.500,427.000,344,389,119,76,1280,720
119,  car,0.883,398.000,428.000,336,389,124,78,1280,720
120,  car,0.874,392.000,429.500,328,389,128,81,1280,720
121,  car,0.873,386.000,431.500,320,390,132,83,1280,720
122,  car,0.889,379.500,433.000,311,390,137,86,1280,720
123,  car,0.905,373.000,433.500,302,389,142,89,1280,720
124,  car,0.905,373.000,433.500,302,389,142,89,1280,720
125,  car,0.901,365.000,437.000,291,391,148,92,1280,720
126,  car,0.902,357.000,438.500,281,391,152,95,1280,720
127,  car,0.902,348.000,439.500,268,390,160,99,1280,720
128,  car,0.890,340.000,442.000,257,391,166,102,1280,720
129,  car,0.848,330.500,445.500,243,392,175,107,1280,720
130,  car,0.891,319.500,447.500,229,392,181,111,1280,720
131,  car,0.865,308.000,450.500,213,392,190,117,1280,720
132,  car,0.898,298.000,454.000,198,393,200,122,1280,720
133,  car,0.909,284.500,456.000,179,392,211,128,1280,720
134,  car,0.911,270.000,460.000,159,392,222,136,1280,720
135,  car,0.920,256.500,462.500,138,392,237,141,1280,720
136,  car,0.927,240.000,467.000,116,393,248,148,1280,720
137,  car,0.935,221.500,470.000,89,392,265,156,1280,720
138,  car,0.926,201.500,474.000,60,391,283,166,1280,720
139,  car,0.917,178.500,481.000,26,393,305,176,1280,720
140,  car,0.920,159.500,486.000,0,394,319,184,1280,720
141,  car,0.908,151.000,490.000,0,394,302,192,1280,720
142,  car,0.910,143.000,497.000,0,395,286,204,1280,720
143,  car,0.917,134.500,497.000,0,395,269,204,1280,720
144,  car,0.900,124.500,499.000,0,396,249,206,1280,720
145,  car,0.901,113.000,499.000,0,397,226,204,1280,720
146,  car,0.870,101.500,498.000,0,392,203,212,1280,720
147,  car,0.878,86.000,500.000,0,394,172,212,1280,720
148,  car,0.845,70.500,497.000,0,388,141,218,1280,720
148,  truck,0.586,329.500,381.500,282,358,95,47,1280,720
149,  car,0.790,52.000,499.000,0,391,104,216,1280,720
149,  truck,0.583,330.500,382.000,283,358,95,48,1280,720
150,  car,0.651,32.000,505.500,0,411,64,189,1280,720
150,  truck,0.535,331.500,382.500,284,359,95,47,1280,720
151,  truck,0.572,333.000,382.500,285,359,96,47,1280,720
152,  truck,0.571,333.500,381.500,285,358,97,47,1280,720
157,  truck,0.520,340.500,382.000,290,358,101,48,1280,720
161,  truck,0.526,342.500,381.500,292,357,101,49,1280,720
165,  truck,0.522,347.500,381.500,296,357,103,49,1280,720
167,  truck,0.584,348.000,382.000,297,357,102,50,1280,720
170,  truck,0.561,350.500,382.000,299,357,103,50,1280,720
171,  truck,0.511,350.000,382.500,298,357,104,51,1280,720
172,  truck,0.505,351.500,382.000,299,357,105,50,1280,720
175,  truck,0.580,353.500,382.500,301,357,105,51,1280,720
176,  truck,0.550,353.500,383.000,301,357,105,52,1280,720
177,  truck,0.728,354.500,382.500,301,357,107,51,1280,720
178,  truck,0.782,357.000,382.500,302,357,110,51,1280,720
179,  truck,0.749,358.000,382.500,302,357,112,51,1280,720
180,  truck,0.594,357.500,383.000,302,357,111,52,1280,720
181,  truck,0.653,359.500,383.000,302,357,115,52,1280,720
182,  truck,0.569,359.000,382.500,302,357,114,51,1280,720
183,  truck,0.525,359.000,382.500,303,357,112,51,1280,720
184,  truck,0.556,357.500,382.500,303,357,109,51,1280,720
185,  truck,0.503,358.500,383.500,303,358,111,51,1280,720
193,  truck,0.682,364.500,384.500,305,358,119,53,1280,720
195,  truck,0.612,366.000,384.500,306,358,120,53,1280,720
196,  truck,0.525,364.500,383.500,305,357,119,53,1280,720
204,  truck,0.502,360.500,382.000,304,355,113,54,1280,720
216,  truck,0.602,374.000,384.000,303,355,142,58,1280,720
217,  truck,0.524,374.000,384.500,304,355,140,59,1280,720
221,  truck,0.563,373.500,392.000,305,362,137,60,1280,720
222,  truck,0.614,373.000,393.500,305,364,136,59,1280,720
223,  truck,0.749,373.000,401.000,304,372,138,58,1280,720
224,  truck,0.749,373.000,401.000,304,372,138,58,1280,720
225,  truck,0.736,372.500,404.000,304,374,137,60,1280,720
226,  truck,0.801,371.500,409.000,303,380,137,58,1280,720
227,  truck,0.793,369.000,413.500,302,384,134,59,1280,720
228,  truck,0.808,369.000,415.500,301,386,136,59,1280,720
229,  truck,0.822,370.500,414.000,303,385,135,58,1280,720
230,  truck,0.800,371.000,408.500,303,379,136,59,1280,720
231,  truck,0.682,370.000,399.500,304,371,132,57,1280,720
232,  truck,0.778,370.500,397.500,305,368,131,59,1280,720
233,  truck,0.804,370.000,398.000,304,369,132,58,1280,720
234,  truck,0.785,370.000,398.500,303,369,134,59,1280,720
235,  truck,0.861,371.500,394.500,304,365,135,59,1280,720
236,  truck,0.834,368.500,392.500,304,363,129,59,1280,720
237,  truck,0.708,369.500,389.500,304,359,131,61,1280,720
239,  truck,0.690,372.500,381.500,304,351,137,61,1280,720
240,  truck,0.823,371.500,378.000,304,348,135,60,1280,720
241,  truck,0.763,372.500,374.500,304,344,137,61,1280,720
242,  truck,0.816,373.000,377.000,303,346,140,62,1280,720
243,  truck,0.789,372.000,373.500,303,344,138,59,1280,720
244,  truck,0.830,374.500,356.000,306,325,137,62,1280,720
245,  truck,0.539,374.500,358.500,304,328,141,61,1280,720
246,  truck,0.587,373.000,362.000,303,332,140,60,1280,720
247,  truck,0.607,374.000,358.500,303,328,142,61,1280,720
248,  truck,0.704,374.500,357.000,303,326,143,62,1280,720
249,  truck,0.729,374.000,355.500,303,324,142,63,1280,720
250,  truck,0.650,374.000,357.000,302,326,144,62,1280,720
252,  truck,0.571,374.000,361.000,303,330,142,62,1280,720
253,  truck,0.537,374.000,363.500,302,332,144,63,1280,720
254,  bus,0.518,372.000,366.500,299,333,146,67,1280,720
256,  truck,0.538,372.500,369.500,301,338,143,63,1280,720
257,  truck,0.659,373.000,372.000,301,340,144,64,1280,720
258,  truck,0.658,372.000,372.000,301,340,142,64,1280,720
260,  bus,0.506,373.500,373.000,302,340,143,66,1280,720
260,  pedestrian,0.504,210.500,376.000,201,366,19,20,1280,720
261,  truck,0.594,374.500,373.500,302,341,145,65,1280,720
264,  pedestrian,0.515,211.000,384.500,201,374,20,21,1280,720
265,  car,0.514,376.500,373.500,304,340,145,67,1280,720
269,  truck,0.609,372.500,378.000,300,345,145,66,1280,720
270,  truck,0.604,373.000,376.000,300,343,146,66,1280,720
276,  truck,0.555,373.500,376.500,299,342,149,69,1280,720
278,  car,0.580,375.500,372.000,301,337,149,70,1280,720
279,  car,0.549,375.000,374.500,300,340,150,69,1280,720
280,  car,0.556,375.000,375.000,300,340,150,70,1280,720
282,  car,0.565,375.000,374.500,300,340,150,69,1280,720
283,  car,0.654,375.500,374.000,300,338,151,72,1280,720
284,  car,0.579,375.500,373.500,300,338,151,71,1280,720
285,  car,0.666,374.500,373.500,299,338,151,71,1280,720
286,  car,0.725,375.000,372.000,299,337,152,70,1280,720
287,  car,0.684,374.500,373.000,298,337,153,72,1280,720
288,  car,0.669,374.500,373.000,298,337,153,72,1280,720
289,  car,0.676,373.500,373.000,296,337,155,72,1280,720
290,  car,0.728,374.000,375.500,296,338,156,75,1280,720
291,  car,0.673,374.000,376.500,296,338,156,77,1280,720
292,  car,0.719,373.000,375.500,296,338,154,75,1280,720
293,  car,0.683,373.500,374.000,296,337,155,74,1280,720
294,  car,0.758,372.000,376.000,293,338,158,76,1280,720
295,  car,0.745,373.000,375.500,293,337,160,77,1280,720
296,  car,0.739,371.500,375.500,291,337,161,77,1280,720
297,  car,0.641,371.500,374.000,291,336,161,76,1280,720
298,  car,0.674,370.500,374.500,290,336,161,77,1280,720
299,  car,0.643,370.500,373.500,290,335,161,77,1280,720
300,  car,0.709,369.500,372.000,289,334,161,76,1280,720
301,  car,0.581,370.000,372.500,289,333,162,79,1280,720
302,  car,0.551,369.500,372.000,288,332,163,80,1280,720
303,  car,0.651,369.000,370.500,288,332,162,77,1280,720
304,  car,0.501,369.000,371.000,287,331,164,80,1280,720
305,  car,0.675,368.000,371.500,285,331,166,81,1280,720
306,  car,0.594,368.000,371.500,285,331,166,81,1280,720
307,  car,0.587,367.000,372.000,284,331,166,82,1280,720
308,  car,0.539,367.000,372.000,283,331,168,82,1280,720
309,  car,0.631,367.500,372.000,284,330,167,84,1280,720
311,  car,0.552,367.000,371.500,283,329,168,85,1280,720
313,  car,0.585,366.500,369.500,282,329,169,81,1280,720
314,  car,0.717,366.000,369.500,281,329,170,81,1280,720
315,  car,0.513,365.500,370.500,280,329,171,83,1280,720
316,  car,0.601,365.000,370.000,279,329,172,82,1280,720
317,  car,0.659,365.000,369.500,279,329,172,81,1280,720
318,  car,0.574,364.000,370.000,277,329,174,82,1280,720
319,  car,0.614,363.500,370.000,277,329,173,82,1280,720
320,  car,0.626,362.500,371.000,276,330,173,82,1280,720
322,  car,0.547,361.500,370.500,275,330,173,81,1280,720
323,  car,0.547,361.500,370.500,275,330,173,81,1280,720
324,  car,0.615,361.000,370.000,274,329,174,82,1280,720
325,  car,0.513,360.000,369.500,273,328,174,83,1280,720
326,  car,0.631,360.000,370.500,272,329,176,83,1280,720
327,  car,0.655,359.000,370.500,271,328,176,85,1280,720
328,  car,0.616,357.500,371.500,269,329,177,85,1280,720
329,  car,0.525,356.500,371.000,268,329,177,84,1280,720
330,  car,0.564,355.500,371.500,267,328,177,87,1280,720
332,  car,0.535,353.000,370.500,265,328,176,85,1280,720
333,  car,0.634,353.500,371.000,265,328,177,86,1280,720
363,  pedestrian,0.529,369.000,370.000,319,320,100,100,1280,720
365,  pedestrian,0.517,379.500,371.500,342,321,75,101,1280,720
383,  pedestrian,0.596,354.000,369.500,312,314,84,111,1280,720
392,  pedestrian,0.531,340.000,368.500,289,312,102,113,1280,720
393,  pedestrian,0.606,336.500,368.500,282,311,109,115,1280,720
393,  pedestrian,0.598,1242.500,372.000,1214,338,57,68,1280,720
441,  truck,0.752,157.500,357.500,34,284,247,147,1280,720
442,  truck,0.617,152.000,357.000,28,283,248,148,1280,720
443,  truck,0.681,148.500,357.000,23,283,251,148,1280,720
444,  truck,0.539,144.500,357.000,21,282,247,150,1280,720
445,  truck,0.632,141.000,358.000,19,283,244,150,1280,720
446,  truck,0.557,136.500,358.000,12,283,249,150,1280,720
447,  truck,0.646,130.500,358.000,8,282,245,152,1280,720
449,  truck,0.548,123.000,356.500,1,279,244,155,1280,720
450,  truck,0.567,121.000,356.000,0,278,242,156,1280,720
451,  truck,0.605,119.500,356.500,0,278,239,157,1280,720
454,  truck,0.521,115.500,356.000,0,274,231,164,1280,720
459,  truck,0.558,101.000,352.500,0,270,202,165,1280,720
460,  truck,0.722,98.500,353.000,0,270,197,166,1280,720
461,  truck,0.683,96.000,351.500,1,267,190,169,1280,720
462,  truck,0.625,95.000,353.000,3,269,184,168,1280,720
463,  truck,0.744,91.000,353.000,0,268,182,170,1280,720
464,  truck,0.602,88.000,352.500,0,267,176,171,1280,720
468,  truck,0.530,79.500,352.500,0,265,159,175,1280,720
469,  truck,0.740,75.500,352.500,0,264,151,177,1280,720
470,  truck,0.696,73.000,351.500,0,262,146,179,1280,720
471,  truck,0.725,71.500,352.500,0,263,143,179,1280,720
472,  truck,0.621,68.000,353.500,0,264,136,179,1280,720
473,  truck,0.621,68.000,353.500,0,264,136,179,1280,720
474,  truck,0.501,62.000,354.500,0,264,124,181,1280,720
475,  truck,0.633,60.000,354.000,0,262,120,184,1280,720
476,  truck,0.614,57.000,353.500,0,259,114,189,1280,720
478,  bus,0.527,54.000,355.000,0,261,108,188,1280,720
479,  truck,0.631,50.000,354.500,0,263,100,183,1280,720
480,  truck,0.691,47.000,354.000,0,262,94,184,1280,720
481,  truck,0.613,42.500,354.500,0,261,85,187,1280,720
482,  truck,0.623,40.000,355.000,0,261,80,188,1280,720
483,  truck,0.562,34.000,356.500,0,262,68,189,1280,720
619,  car,0.627,1222.500,384.000,1188,372,69,24,1280,720
729,  car,0.601,1016.000,384.500,994,374,44,21,1280,720
763,  pedestrian,0.544,26.500,396.000,1,354,51,84,1280,720
859,  pedestrian,0.539,28.500,392.000,9,365,39,54,1280,720
932,  pedestrian,0.624,1099.000,387.000,1081,363,36,48,1280,720
933,  pedestrian,0.579,1100.500,388.000,1084,364,33,48,1280,720
934,  pedestrian,0.658,1104.500,387.000,1087,363,35,48,1280,720
935,  pedestrian,0.731,1104.500,388.500,1087,364,35,49,1280,720
936,  pedestrian,0.520,1105.500,387.500,1090,362,31,51,1280,720
939,  pedestrian,0.670,1116.000,388.500,1100,364,32,49,1280,720
940,  pedestrian,0.650,1120.500,387.500,1105,363,31,49,1280,720
941,  pedestrian,0.727,1123.000,387.500,1106,362,34,51,1280,720
942,  pedestrian,0.685,1127.000,389.500,1110,364,34,51,1280,720
943,  pedestrian,0.629,1130.000,389.500,1113,364,34,51,1280,720
944,  pedestrian,0.723,1133.000,391.000,1116,366,34,50,1280,720
945,  pedestrian,0.545,1136.500,391.000,1120,365,33,52,1280,720
946,  pedestrian,0.503,1138.500,391.500,1120,365,37,53,1280,720
947,  pedestrian,0.588,1141.500,393.500,1124,367,35,53,1280,720
948,  pedestrian,0.686,1146.000,393.500,1127,367,38,53,1280,720
950,  pedestrian,0.677,1153.500,395.000,1134,368,39,54,1280,720
951,  pedestrian,0.685,1155.000,394.500,1135,367,40,55,1280,720
952,  pedestrian,0.637,1159.000,395.500,1140,368,38,55,1280,720
962,  pedestrian,0.604,902.500,404.000,874,366,57,76,1280,720
968,  pedestrian,0.552,927.000,407.000,897,366,60,82,1280,720
976,  car,0.551,949.500,384.000,917,367,65,34,1280,720
983,  car,0.528,971.000,383.500,929,365,84,37,1280,720
984,  pedestrian,0.574,1198.000,412.000,1166,383,64,58,1280,720
986,  car,0.518,987.500,389.500,943,370,89,39,1280,720
987,  car,0.599,992.500,390.500,946,370,93,41,1280,720
988,  car,0.596,995.500,389.500,947,369,97,41,1280,720
989,  car,0.563,997.500,390.500,947,370,101,41,1280,720
990,  car,0.618,1004.000,389.000,954,368,100,42,1280,720
991,  car,0.583,1004.500,391.000,950,369,109,44,1280,720
992,  car,0.684,1013.000,385.500,964,365,98,41,1280,720
993,  car,0.642,1010.000,389.000,954,367,112,44,1280,720
995,  car,0.779,1013.000,386.000,958,364,110,44,1280,720
998,  car,0.555,1021.000,385.500,965,361,112,49,1280,720
1001,  car,0.757,1028.500,388.500,972,363,113,51,1280,720
1002,  car,0.791,1035.500,389.000,975,363,121,52,1280,720
1003,  car,0.802,1037.000,390.500,977,365,120,51,1280,720
1004,  car,0.669,1047.000,391.000,978,364,138,54,1280,720
1005,  car,0.801,1042.500,391.500,983,364,119,55,1280,720
1006,  car,0.847,1046.500,393.000,986,365,121,56,1280,720
1007,  car,0.872,1051.500,391.000,991,363,121,56,1280,720
1008,  car,0.870,1058.000,393.000,994,364,128,58,1280,720
1009,  car,0.875,1058.500,392.000,995,363,127,58,1280,720
1010,  car,0.858,1063.500,389.500,1000,361,127,57,1280,720
1011,  car,0.882,1066.500,391.000,1002,362,129,58,1280,720
1012,  car,0.898,1068.500,392.500,1003,363,131,59,1280,720
1013,  car,0.889,1071.500,392.500,1007,363,129,59,1280,720
1014,  car,0.891,1075.500,392.500,1010,362,131,61,1280,720
1015,  car,0.885,1081.000,393.000,1016,363,130,60,1280,720
1016,  car,0.883,1086.000,393.500,1022,363,128,61,1280,720
1017,  car,0.880,1089.500,392.500,1023,362,133,61,1280,720
1018,  car,0.879,1092.500,394.000,1025,363,135,62,1280,720
1019,  car,0.862,1096.000,394.500,1028,363,136,63,1280,720
1020,  car,0.862,1096.000,394.500,1028,363,136,63,1280,720
1021,  car,0.872,1100.000,395.500,1030,364,140,63,1280,720
1022,  car,0.870,1104.000,395.500,1033,364,142,63,1280,720
1023,  car,0.870,1107.000,395.000,1036,363,142,64,1280,720
1024,  car,0.874,1112.500,395.000,1041,362,143,66,1280,720
1025,  car,0.876,1116.500,395.500,1044,362,145,67,1280,720
1026,  car,0.877,1122.500,396.000,1049,362,147,68,1280,720
1027,  car,0.887,1127.500,397.000,1051,363,153,68,1280,720
1028,  car,0.897,1130.500,397.000,1057,363,147,68,1280,720
1029,  car,0.899,1134.500,398.000,1060,364,149,68,1280,720
1030,  car,0.900,1140.000,398.000,1064,364,152,68,1280,720
1031,  car,0.900,1145.500,398.500,1068,364,155,69,1280,720
1032,  car,0.901,1151.500,399.000,1075,364,153,70,1280,720
1033,  car,0.900,1156.500,399.000,1079,364,155,70,1280,720
1034,  car,0.896,1161.000,398.000,1082,362,158,72,1280,720
1035,  car,0.896,1167.500,397.000,1089,361,157,72,1280,720
1036,  car,0.902,1172.500,396.000,1093,360,159,72,1280,720
1037,  car,0.905,1177.500,394.000,1097,357,161,74,1280,720
1038,  car,0.899,1183.500,391.500,1104,354,159,75,1280,720
1039,  car,0.903,1187.000,390.500,1106,352,162,77,1280,720
1040,  car,0.896,1193.000,388.500,1111,350,164,77,1280,720
1041,  car,0.892,1195.500,390.000,1113,352,165,76,1280,720
1042,  car,0.893,1199.000,390.500,1119,352,160,77,1280,720
1043,  car,0.896,1201.500,394.500,1124,355,155,79,1280,720
1044,  car,0.894,1204.000,395.500,1129,356,150,79,1280,720
1045,  car,0.887,1207.500,398.500,1136,359,143,79,1280,720
1046,  car,0.883,1209.000,401.000,1139,360,140,82,1280,720
1047,  car,0.881,1212.000,405.000,1145,364,134,82,1280,720
1048,  car,0.881,1216.000,406.500,1153,365,126,83,1280,720
1049,  car,0.880,1218.000,409.500,1157,368,122,83,1280,720
1050,  car,0.896,1221.500,411.000,1164,369,115,84,1280,720
1051,  car,0.880,1225.500,413.500,1172,371,107,85,1280,720
1052,  car,0.847,1227.500,414.000,1176,371,103,86,1280,720
1053,  car,0.844,1233.000,414.500,1186,371,94,87,1280,720
1054,  car,0.795,1235.000,414.000,1191,370,88,88,1280,720
1055,  car,0.688,1238.000,412.000,1197,366,82,92,1280,720
1056,  car,0.763,1240.000,407.000,1201,358,78,98,1280,720
1057,  car,0.698,1243.500,404.500,1209,354,69,101,1280,720
1058,  car,0.704,1246.500,403.000,1214,357,65,92,1280,720
1059,  car,0.625,1249.000,403.500,1219,358,60,91,1280,720
1060,  car,0.652,1253.000,406.000,1227,365,52,82,1280,720
1061,  car,0.546,1255.000,408.000,1231,369,48,78,1280,720
1063,  pedestrian,0.608,891.000,435.500,866,406,50,59,1280,720
1068,  pedestrian,0.714,917.000,437.500,891,406,52,63,1280,720
1068,  car,0.535,120.500,481.000,99,473,43,16,1280,720
1071,  pedestrian,0.578,928.000,438.000,898,403,60,70,1280,720
1072,  pedestrian,0.547,932.500,434.500,904,398,57,73,1280,720
1247,  car,0.515,762.500,379.500,728,369,69,21,1280,720
1275,  car,0.506,825.000,390.500,784,380,82,21,1280,720
1307,  car,0.565,891.000,377.000,867,369,48,16,1280,720
1307,  car,0.552,935.000,381.500,905,371,60,21,1280,720
1308,  car,0.602,896.000,378.500,869,370,54,17,1280,720
1309,  car,0.658,897.000,378.500,871,370,52,17,1280,720
1309,  car,0.641,942.500,384.000,912,373,61,22,1280,720
1310,  car,0.577,945.500,383.500,915,373,61,21,1280,720
1310,  car,0.560,896.500,379.500,869,371,55,17,1280,720
1311,  car,0.707,951.000,384.500,920,373,62,23,1280,720
1312,  car,0.642,950.500,386.000,917,375,67,22,1280,720
1313,  car,0.594,954.000,385.000,920,373,68,24,1280,720
1313,  car,0.551,909.000,379.000,883,370,52,18,1280,720
1314,  car,0.675,961.000,385.500,928,374,66,23,1280,720
1314,  car,0.634,912.500,379.500,884,371,57,17,1280,720
1315,  car,0.733,964.500,385.500,933,374,63,23,1280,720
1315,  car,0.615,915.000,378.500,887,370,56,17,1280,720
1316,  car,0.649,918.000,377.500,889,369,58,17,1280,720
1316,  car,0.610,967.500,383.500,936,372,63,23,1280,720
1317,  car,0.635,970.500,385.000,939,373,63,24,1280,720
1317,  car,0.576,920.000,379.000,890,370,60,18,1280,720
1318,  car,0.635,970.500,385.000,939,373,63,24,1280,720
1318,  car,0.576,920.000,379.000,890,370,60,18,1280,720
1319,  car,0.568,925.000,378.000,896,369,58,18,1280,720
1319,  car,0.554,978.500,383.500,949,371,59,25,1280,720
1320,  car,0.570,928.500,378.500,900,370,57,17,1280,720
1321,  car,0.649,931.500,379.000,900,370,63,18,1280,720
1321,  car,0.500,983.500,385.000,950,372,67,26,1280,720
1322,  car,0.637,932.000,380.000,902,371,60,18,1280,720
1322,  car,0.601,986.500,385.500,952,374,69,23,1280,720
1323,  car,0.656,936.500,381.000,906,372,61,18,1280,720
1323,  car,0.633,994.500,387.000,961,375,67,24,1280,720
1324,  car,0.661,937.500,379.500,905,370,65,19,1280,720
1324,  car,0.626,998.000,386.000,966,374,64,24,1280,720
1325,  car,0.676,1000.500,387.500,968,377,65,21,1280,720
1325,  car,0.601,940.000,382.000,909,373,62,18,1280,720
1326,  car,0.703,945.000,382.000,912,373,66,18,1280,720
1326,  car,0.545,1004.500,384.500,975,375,59,19,1280,720
1327,  car,0.685,947.500,382.000,914,373,67,18,1280,720
1327,  car,0.534,1007.500,384.500,978,376,59,17,1280,720
1328,  car,0.620,949.500,383.000,919,374,61,18,1280,720
1328,  car,0.592,1012.000,387.000,977,377,70,20,1280,720
1329,  car,0.623,951.500,381.500,919,372,65,19,1280,720
1330,  car,0.611,955.000,382.500,923,373,64,19,1280,720
1330,  car,0.528,1021.000,384.000,987,376,68,16,1280,720
1331,  car,0.653,962.500,381.500,929,372,67,19,1280,720
1331,  car,0.561,1024.000,383.000,994,375,60,16,1280,720
1332,  car,0.736,963.000,381.000,931,371,64,20,1280,720
1332,  car,0.508,1026.500,382.500,992,374,69,17,1280,720
1333,  car,0.760,965.000,381.500,931,371,68,21,1280,720
1333,  car,0.534,1030.500,383.000,994,374,73,18,1280,720
1334,  car,0.711,966.500,380.500,934,371,65,19,1280,720
1334,  bus,0.641,721.500,390.000,649,356,145,68,1280,720
1334,  car,0.588,1032.000,381.500,993,373,78,17,1280,720
1335,  car,0.685,970.500,380.000,939,370,63,20,1280,720
1335,  car,0.580,1039.500,382.000,1002,373,75,18,1280,720
1336,  car,0.755,974.000,380.000,940,370,68,20,1280,720
1336,  car,0.584,1042.500,381.000,1004,372,77,18,1280,720
1337,  car,0.643,977.500,378.500,945,369,65,19,1280,720
1338,  car,0.731,982.000,380.000,947,370,70,20,1280,720
1338,  car,0.586,1056.500,381.500,1024,373,65,17,1280,720
1339,  car,0.680,982.000,379.000,949,369,66,20,1280,720
1339,  car,0.585,1053.500,382.000,1014,372,79,20,1280,720
1340,  car,0.643,984.000,379.500,950,370,68,19,1280,720
1340,  car,0.614,1057.500,383.500,1018,373,79,21,1280,720
1341,  car,0.699,991.000,379.500,955,370,72,19,1280,720
1341,  truck,0.519,766.500,383.500,715,354,103,59,1280,720
1341,  car,0.516,1066.000,383.000,1025,373,82,20,1280,720
1342,  car,0.582,1070.000,383.500,1030,374,80,19,1280,720
1343,  car,0.656,1076.000,383.000,1035,373,82,20,1280,720
1344,  car,0.666,998.500,380.500,960,370,77,21,1280,720
1344,  car,0.607,1078.500,383.000,1035,372,87,22,1280,720
1344,  truck,0.557,782.500,384.500,734,355,97,59,1280,720
1345,  car,0.694,1084.000,384.000,1040,373,88,22,1280,720
1345,  car,0.617,999.500,379.500,965,370,69,19,1280,720
1346,  car,0.696,1005.000,379.000,966,369,78,20,1280,720
1346,  car,0.596,1096.500,382.000,1057,372,79,20,1280,720
1346,  truck,0.527,788.000,383.500,739,353,98,61,1280,720
1347,  car,0.660,1002.500,379.000,964,369,77,20,1280,720
1347,  car,0.525,1095.500,382.000,1053,371,85,22,1280,720
1347,  truck,0.518,792.500,385.500,744,354,97,63,1280,720
1348,  car,0.633,1010.500,378.500,971,368,79,21,1280,720
1348,  car,0.554,1107.000,382.000,1071,371,72,22,1280,720
1349,  truck,0.596,801.000,381.500,752,350,98,63,1280,720
1349,  car,0.505,1116.500,381.000,1081,370,71,22,1280,720
1350,  car,0.734,1012.000,380.500,973,369,78,23,1280,720
1350,  car,0.569,1122.000,382.500,1089,371,66,23,1280,720
1351,  car,0.661,1015.000,381.000,974,369,82,24,1280,720
1351,  car,0.542,1127.000,384.500,1094,372,66,25,1280,720
1351,  truck,0.532,806.500,384.000,755,352,103,64,1280,720
1352,  car,0.667,1135.500,386.000,1102,373,67,26,1280,720
1352,  car,0.643,1019.500,381.000,982,369,75,24,1280,720
1352,  truck,0.607,812.000,384.500,762,352,100,65,1280,720
1353,  truck,0.634,817.500,385.500,768,354,99,63,1280,720
1353,  car,0.596,1134.000,386.500,1097,375,74,23,1280,720
1353,  car,0.547,1024.500,384.000,983,371,83,26,1280,720
1354,  truck,0.794,819.500,387.000,767,354,105,66,1280,720
1354,  car,0.580,1024.500,384.500,985,371,79,27,1280,720
1355,  truck,0.724,824.500,388.500,772,355,105,67,1280,720
1355,  car,0.662,1026.500,387.000,989,374,75,26,1280,720
1355,  car,0.513,965.000,389.000,948,382,34,14,1280,720
1356,  car,0.729,1032.000,388.000,993,374,78,28,1280,720
1356,  truck,0.714,829.000,389.000,775,355,108,68,1280,720
1356,  car,0.586,967.500,389.000,949,381,37,16,1280,720
1357,  car,0.750,1036.500,389.000,998,374,77,30,1280,720
1357,  truck,0.702,834.000,388.500,781,355,106,67,1280,720
1357,  car,0.532,970.500,389.000,954,381,33,16,1280,720
1358,  car,0.690,1043.000,387.500,1002,373,82,29,1280,720
1358,  truck,0.628,837.500,388.000,783,354,109,68,1280,720
1358,  car,0.536,973.500,388.000,954,379,39,18,1280,720
1359,  car,0.677,1047.000,385.000,1005,370,84,30,1280,720
1360,  truck,0.643,850.500,383.500,798,349,105,69,1280,720
1360,  car,0.615,1050.500,383.500,1007,368,87,31,1280,720
1361,  car,0.777,1054.500,380.500,1014,365,81,31,1280,720
1361,  truck,0.764,854.500,382.000,800,346,109,72,1280,720
1362,  truck,0.745,856.500,380.000,800,344,113,72,1280,720
1362,  car,0.713,1059.000,379.500,1018,364,82,31,1280,720
1363,  car,0.684,1060.500,376.500,1018,361,85,31,1280,720
1363,  truck,0.647,865.000,377.000,812,341,106,72,1280,720
1364,  truck,0.659,868.000,374.000,812,338,112,72,1280,720
1364,  car,0.544,1065.500,376.000,1023,360,85,32,1280,720
1365,  truck,0.675,872.000,372.500,816,336,112,73,1280,720
1365,  car,0.542,1068.000,373.500,1026,358,84,31,1280,720
1366,  car,0.643,1068.000,374.000,1024,358,88,32,1280,720
1366,  truck,0.585,875.000,372.500,817,336,116,73,1280,720
1367,  truck,0.653,882.500,370.500,826,333,113,75,1280,720
1367,  car,0.605,1070.500,372.000,1024,356,93,32,1280,720
1368,  truck,0.653,882.500,370.500,826,333,113,75,1280,720
1368,  car,0.605,1070.500,372.000,1024,356,93,32,1280,720
1369,  truck,0.714,888.000,370.000,831,332,114,76,1280,720
1369,  car,0.655,1076.500,371.000,1030,354,93,34,1280,720
1369,  car,0.511,1208.500,378.000,1148,356,121,44,1280,720
1370,  truck,0.648,890.500,368.000,830,328,121,80,1280,720
1370,  car,0.581,1212.000,379.500,1147,356,130,47,1280,720
1370,  car,0.556,1079.000,369.500,1035,353,88,33,1280,720
1371,  truck,0.616,900.000,372.000,842,331,116,82,1280,720
1371,  car,0.506,1221.000,381.000,1166,358,110,46,1280,720
1372,  truck,0.685,906.500,373.500,846,330,121,87,1280,720
1372,  car,0.652,1093.500,371.000,1061,355,65,32,1280,720
1372,  car,0.572,1230.000,380.500,1182,358,96,45,1280,720
1373,  truck,0.634,911.500,370.500,845,330,133,81,1280,720
1373,  car,0.622,1234.500,379.000,1191,357,87,44,1280,720
1373,  car,0.557,999.500,371.000,982,362,35,18,1280,720
1374,  car,0.719,1224.500,384.500,1170,357,109,55,1280,720
1374,  truck,0.626,923.000,372.500,858,331,130,83,1280,720
1374,  car,0.525,1092.500,373.500,1047,357,91,33,1280,720
1374,  car,0.524,1003.500,372.000,984,363,39,18,1280,720
1375,  truck,0.686,925.000,374.000,861,331,128,86,1280,720
1375,  car,0.569,1227.500,385.500,1176,357,103,57,1280,720
1375,  car,0.539,1098.000,375.500,1057,362,82,27,1280,720
1376,  car,0.755,1232.000,397.500,1184,357,96,81,1280,720
1376,  truck,0.620,932.000,373.500,865,330,134,87,1280,720
1376,  car,0.514,1101.000,375.000,1059,360,84,30,1280,720
1377,  truck,0.648,938.500,373.500,872,329,133,89,1280,720
1377,  car,0.534,1102.500,374.000,1060,358,85,32,1280,720
1378,  car,0.633,1239.500,392.000,1199,350,81,84,1280,720
1378,  car,0.624,1108.000,373.000,1064,357,88,32,1280,720
1378,  car,0.591,943.500,371.500,877,327,133,89,1280,720
1379,  truck,0.693,954.000,372.500,887,327,134,91,1280,720
1380,  truck,0.507,959.500,370.500,893,325,133,91,1280,720
1381,  car,0.581,1250.000,396.000,1221,353,58,86,1280,720
1382,  truck,0.589,976.500,370.500,907,325,139,91,1280,720
1383,  truck,0.669,979.500,372.000,907,325,145,94,1280,720
1383,  car,0.590,1126.500,379.500,1089,368,75,23,1280,720
1384,  truck,0.676,987.000,371.500,914,324,146,95,1280,720
1384,  car,0.531,1124.500,374.000,1078,356,93,36,1280,720
1385,  car,0.756,1130.000,374.500,1084,356,92,37,1280,720
1385,  truck,0.604,997.500,372.000,925,323,145,98,1280,720
1386,  car,0.711,1135.000,376.000,1087,358,96,36,1280,720
1386,  truck,0.584,1006.000,372.000,931,323,150,98,1280,720
1387,  truck,0.610,1016.500,374.000,941,323,151,102,1280,720
1390,  car,0.616,1146.500,377.000,1120,360,53,34,1280,720
1392,  car,0.597,1166.000,379.500,1141,365,50,29,1280,720
1393,  car,0.738,1176.500,376.500,1152,359,49,35,1280,720
1394,  car,0.693,1189.000,376.500,1166,359,46,35,1280,720
1395,  car,0.648,1199.000,376.000,1176,358,46,36,1280,720
1407,  pedestrian,0.606,914.000,403.000,875,363,78,80,1280,720
1412,  pedestrian,0.649,945.000,401.000,906,355,78,92,1280,720
1416,  car,0.509,1246.000,357.500,1214,340,64,35,1280,720
1424,  car,0.698,1087.500,372.500,1062,361,51,23,1280,720
1425,  car,0.532,1093.500,371.500,1069,360,49,23,1280,720
1427,  car,0.615,1161.500,361.500,1135,351,53,21,1280,720
1428,  car,0.564,1165.000,363.500,1141,355,48,17,1280,720
1429,  car,0.600,1168.500,360.500,1144,350,49,21,1280,720
1430,  car,0.746,1170.500,360.500,1143,350,55,21,1280,720
1431,  car,0.627,1174.500,360.000,1147,349,55,22,1280,720
1432,  car,0.623,1175.500,360.000,1147,349,57,22,1280,720
1433,  car,0.591,1183.000,360.500,1157,350,52,21,1280,720
1434,  car,0.627,1188.500,361.000,1163,351,51,20,1280,720
1435,  car,0.621,1189.500,361.000,1163,350,53,22,1280,720
1436,  car,0.665,1193.500,361.000,1166,350,55,22,1280,720
1437,  car,0.619,1197.000,361.000,1171,351,52,20,1280,720
1438,  car,0.623,1198.000,361.000,1168,350,60,22,1280,720
1439,  car,0.638,1203.500,360.000,1176,349,55,22,1280,720
1443,  pedestrian,0.565,1037.500,386.500,1008,349,59,75,1280,720
1499,  car,0.506,1260.000,371.500,1241,332,38,79,1280,720
